{
  "Name": "ExampleExtract",
  "X0": 449.90724346472456,
  "Y0": 160.71795145367423,
  "X1": 515.8129383220386,
  "Y1": 385.31960746006393,
  "Direction": "LeftToRightBottomToTop",
  "AddSpacesBetweenWords": false
}