{
  "Name": "Preset_200916",
  "X0": 158.46153846153854,
  "Y0": 353.8137651821862,
  "X1": 174.808097165992,
  "Y1": 423.53684210526313,
  "Direction": "LeftToRightTopToBottom"
}